,level_bcf,net_flow_bcf,spread,spread_ret,spread_vol_30w,waha_basis,domsouth_basis
2017-01-13,312.0,-31.0,0.034999800000000025,,,-0.1409997999999999,-0.38700009999999985
2017-01-20,325.0,13.0,-0.015000400000000358,-0.05000020000000038,,-0.1859999000000001,-0.37599950000000026
2017-01-27,340.0,15.0,-0.021999300000000055,-0.006998899999999697,,-0.22000030000000015,-0.3660001999999998
2017-02-03,338.0,-2.0,-0.05300040000000017,-0.031001100000000115,,-0.3000002000000004,-0.4070006000000004
2017-02-10,332.0,-6.0,-0.08300019999999986,-0.029999799999999688,,-0.2899999000000002,-0.43999960000000016
2017-02-17,328.0,-4.0,-0.49000069999999996,-0.4070005000000001,,-0.26999949999999995,-0.5719995
2017-02-24,333.0,5.0,-0.5050001000000002,-0.014999400000000218,,-0.40400029999999987,-0.6399994
2017-03-03,326.0,-7.0,-0.6009997999999999,-0.09599969999999969,,-0.15999980000000003,-0.2980003
2017-03-10,325.0,-1.0,-0.47099970000000013,0.13000009999999973,,-0.37699979999999966,-0.26299949999999983
2017-03-17,295.0,-30.0,-0.4740000000000002,-0.003000300000000067,,-0.4179992000000001,-0.14399910000000027
2017-03-24,289.0,-6.0,-0.3959998999999996,0.07800010000000057,,-0.41899960000000025,-0.4829998
2017-03-31,295.0,6.0,-0.3779992999999999,0.0180005999999997,,-0.5050001000000002,-0.3520002
2017-04-07,301.0,6.0,-0.3990001999999997,-0.021000899999999767,,-0.47300049999999993,-0.3720007000000001
2017-04-14,314.0,13.0,-0.4370002999999998,-0.03800010000000009,,-0.31599999999999984,-0.5539999
2017-04-21,321.0,7.0,-0.3830003999999998,0.05399989999999999,,-0.4289999,-0.4959992999999998
2017-04-28,329.0,8.0,-0.3659992000000001,0.017001199999999717,,-0.5130005,-0.7030001000000001
2017-05-05,331.0,2.0,-0.3649998000000001,0.0009993999999999836,,-0.43999960000000016,-0.35099990000000014
2017-05-12,337.0,6.0,-0.3169995000000001,0.048000299999999996,,-0.43700030000000023,-0.4190007000000002
2017-05-19,338.0,1.0,-0.28199960000000024,0.03499989999999986,,-0.41800020000000027,-0.4520006000000003
2017-05-26,342.0,4.0,-0.27999969999999985,0.0019999000000003875,,-0.4270001000000003,-0.7350006000000002
2017-06-02,345.0,3.0,-0.3439999,-0.06400020000000017,,-0.4530000000000003,-0.9689998000000002
2017-06-09,348.0,3.0,-0.32999990000000023,0.01399999999999979,,-0.5380001000000001,-0.9580002000000003
2017-06-16,343.0,-5.0,-0.31900020000000007,0.010999700000000168,,-0.29199980000000014,-1.1879997000000002
2017-06-23,341.0,-2.0,-0.3430004000000002,-0.024000200000000138,,-0.36699959999999976,-1.1420001999999998
2017-06-30,332.0,-9.0,-0.31599999999999984,0.02700040000000037,,-0.5630006999999999,-1.0170002
2017-07-07,327.0,-5.0,-0.3369998999999999,-0.02099990000000007,,-0.3099995,-0.9239997999999998
2017-07-14,319.0,-8.0,-0.34899999999999975,-0.012000099999999847,,-0.3109997999999998,-0.9309996999999997
2017-07-21,308.0,-11.0,-0.35500050000000005,-0.006000500000000297,,-0.3670005999999999,-1.1070003000000002
2017-07-28,296.0,-12.0,-0.3530006000000001,0.0019998999999999434,,-0.3400002,-1.3239994
2017-08-04,290.0,-6.0,-0.3840007000000001,-0.031000099999999975,,-0.26300049999999997,-1.3030003999999997
2017-08-11,283.0,-7.0,-0.3239994000000004,0.0600012999999997,0.08671191995815046,-0.33699990000000035,-1.3459997000000001
2017-08-18,274.0,-9.0,-0.35499950000000036,-0.031000099999999975,0.08649365977866771,-0.3820000000000001,-1.1110001
2017-08-25,262.0,-12.0,-0.3160000000000003,0.038999500000000076,0.08697948983122672,-0.3100005000000001,-1.5100003
2017-09-01,266.0,4.0,-0.29599960000000003,0.02000040000000025,0.08704921167950182,-0.13399990000000006,-1.75
2017-09-08,285.0,19.0,-0.3400002,-0.044000599999999945,0.08720805698179632,-0.2760001000000001,-2.1160005
2017-09-15,304.0,19.0,-0.3159999,0.024000299999999974,0.04420607788092535,-0.5469998999999999,-1.7489995999999999
2017-09-22,305.0,1.0,0.07400040000000008,0.3900003000000001,0.08270864615324161,-0.5850000999999998,-1.5799999999999998
2017-09-29,300.0,-5.0,0.10500050000000005,0.031000099999999975,0.0798028000444617,-0.6059999,-2.1199996000000003
2017-10-06,310.0,10.0,-0.048999799999999816,-0.15400029999999987,0.08349697563933799,-0.49800010000000006,-2.27800052
2017-10-13,302.0,-8.0,0.02900020000000003,0.07799999999999985,0.08423245585600453,-0.5490008,-2.6040004000000003
2017-10-20,313.0,11.0,0.13400079999999992,0.10500059999999989,0.08504957668611779,-0.41699980000000014,-2.40099972
2017-10-27,324.0,11.0,0.06099989999999966,-0.07300090000000026,0.08664512288784812,-0.4130001000000001,-1.90999979
2017-11-03,336.0,12.0,0.08099939999999961,0.019999499999999948,0.08638664232765005,-0.2529992999999999,-1.9539997799999997
2017-11-10,341.0,5.0,0.2259998000000003,0.1450004000000007,0.08886752992746738,-0.5159997999999999,-0.8129997000000002
2017-11-17,340.0,-1.0,0.13599970000000017,-0.09000010000000014,0.09094965036555229,-0.46000010000000024,-0.5100003000000002
2017-11-24,348.0,8.0,0.09899999999999975,-0.03699970000000041,0.09148855089582088,-0.6179999999999999,-0.5030001999999998
2017-12-01,360.0,12.0,0.1830004999999999,0.08400050000000014,0.09228645611992567,-0.43700019999999995,-0.5609997999999998
2017-12-08,360.0,0.0,0.07399939999999994,-0.10900109999999996,0.09495520906821969,-0.38100049999999985,-0.6260003999999997
2017-12-15,330.0,-30.0,0.048999799999999816,-0.02499960000000012,0.0951083287468114,-0.31700039999999996,-0.5600003999999998
2017-12-22,324.0,-6.0,0.09800049999999993,0.04900070000000012,0.0953412230861195,-0.3039999,-0.23000050000000005
2017-12-29,302.0,-22.0,0.09700009999999981,-0.0010004000000001234,0.09428379683211019,-0.12200070000000007,-0.665
2018-01-05,224.0,-78.0,0.14499949999999995,0.047999400000000136,0.0944792303529148,-0.4849996000000001,-0.11999990000000027
2018-01-12,206.0,-18.0,0.4110003,0.26600080000000004,0.10492301166709632,-1.1110001,-0.8289996
2018-01-19,151.0,-55.0,0.3979997000000002,-0.013000599999999807,0.10476738958093683,-0.7960004,-0.5270003999999999
2018-01-26,169.0,18.0,0.24599930000000025,-0.15200039999999992,0.10961683571640263,-0.8429994000000001,-0.5179996
2018-02-02,184.0,15.0,0.05399989999999999,-0.19199940000000026,0.11601345378117367,-1.0920000999999997,-0.33199979999999973
2018-02-09,178.0,-6.0,-0.01299949999999983,-0.06699939999999982,0.11685420571558715,-0.40999989999999986,-0.40400029999999987
2018-02-16,175.0,-3.0,-0.0399999000000002,-0.02700040000000037,0.11702357124913036,-0.5170002000000002,-0.5199995000000002
2018-02-23,183.0,8.0,-0.375,-0.3350000999999998,0.13295752733236682,-0.2970009,-0.7029999999999998
2018-03-02,189.0,6.0,-0.3719998000000002,0.0030001999999997864,0.13283548872625184,-0.7799997999999999,-0.5070000000000001
2018-03-09,186.0,-3.0,-0.37699989999999994,-0.00500009999999973,0.1323590669493616,-0.9409999,-0.27999969999999985
2018-03-16,182.0,-4.0,-0.4060001,-0.02900020000000003,0.13234433848832894,-1.0769996,-0.16999910000000007
2018-03-23,181.0,-1.0,-0.39500040000000025,0.010999699999999724,0.13214599984386846,-1.0190000000000001,-0.22799970000000025
2018-03-30,188.0,7.0,-0.37099930000000025,0.024001099999999997,0.13217164476391885,-1.0640002000000002,-0.3580008000000001
2018-04-06,196.0,8.0,-0.3870001000000003,-0.016000800000000037,0.13196718570560478,-0.6949996999999999,-0.2220000999999998
2018-04-13,185.0,-11.0,-0.34599970000000013,0.04100040000000016,0.13211717067250658,-0.6159992000000001,-0.5099991999999998
2018-04-20,182.0,-3.0,-0.29000000000000004,0.0559997000000001,0.11030406966711966,-1.1469994000000001,-0.32999990000000023
2018-04-27,190.0,8.0,-0.2589998000000002,0.03100019999999981,0.11030407101553943,-1.1999997999999998,-0.4399994999999999
2018-05-04,204.0,14.0,-0.2679997000000003,-0.00899990000000006,0.10700070935451136,-1.0939998,-0.7449998
2018-05-11,216.0,12.0,-0.25099950000000026,0.01700020000000002,0.10589776785694092,-1.1490001,-0.6099996000000001
2018-05-18,226.0,10.0,-0.25600049999999985,-0.005000999999999589,0.10368369635567755,-1.111,-0.47000019999999987
2018-05-25,235.0,9.0,-0.22399999999999975,0.0320005000000001,0.10336016609306774,-0.9709998,-0.8730001999999999
2018-06-01,245.0,10.0,-0.21700009999999992,0.006999899999999837,0.10325943012935945,-0.9590005000000001,-0.4739998999999999
2018-06-08,252.0,7.0,-0.24300009999999972,-0.0259999999999998,0.0990457512886644,-0.8599996999999999,-0.7449998999999998
2018-06-15,258.0,6.0,-0.20400050000000025,0.03899959999999947,0.09850457852861319,-1.3700008000000001,-0.5920000000000001
2018-06-22,252.0,-6.0,-0.21500019999999997,-0.010999699999999724,0.09838527778998424,-1.3000002,-0.7299995999999997
2018-06-29,245.0,-7.0,-0.19899939999999994,0.016000800000000037,0.09690602842752334,-0.9809998999999998,-0.46399979999999985
2018-07-06,238.0,-7.0,-0.20899960000000029,-0.010000200000000348,0.09518509238195536,-0.5100001999999999,-0.6370000999999998
2018-07-13,231.0,-7.0,-0.24699969999999993,-0.03800009999999965,0.09528794314239755,-0.5,-0.5759992999999999
2018-07-20,215.0,-16.0,-0.2600003000000002,-0.01300060000000025,0.09463729110822994,-0.6259994,-0.4390000999999999
2018-07-27,206.0,-9.0,-0.2570000000000001,0.003000300000000067,0.09465604526433469,-0.8239993999999999,-0.375
2018-08-03,204.0,-2.0,-0.22900010000000037,0.027999899999999744,0.0942900827137986,-0.7469996999999999,-0.2939997000000001
2018-08-10,195.0,-9.0,-0.20699979999999973,0.02200030000000064,0.07867157355577932,-1.0960007000000003,-0.4830008000000001
2018-08-17,190.0,-5.0,-0.2220000999999998,-0.015000300000000077,0.07866575965910802,-0.9719992,-0.42799949999999987
2018-08-24,188.0,-2.0,-0.2160006000000001,0.005999499999999713,0.07476195581617918,-1.0930004000000002,-0.39000040000000036
2018-08-31,183.0,-5.0,-0.20299999999999985,0.01300060000000025,0.0670330753116414,-1.6499996000000001,-0.4799996000000002
2018-09-07,182.0,-1.0,-0.1890000999999999,0.013999899999999954,0.066224730049216,-0.8090001,-0.5850000999999998
2018-09-14,184.0,2.0,-0.1669997999999997,0.022000300000000195,0.0662897585888475,-1.2399997999999999,-0.6560001
2018-09-21,173.0,-11.0,0.34100050000000026,0.5080003,0.09408798959704605,-2.0159997,-0.6970005000000001
2018-09-28,181.0,8.0,0.3389998000000003,-0.0020006999999999664,0.09413065416757535,-1.7750006000000003,-1.7100001000000002
2018-10-05,191.0,10.0,0.43000029999999967,0.09100049999999937,0.09475108621826625,-1.375,-1.8999996
2018-10-12,203.0,12.0,0.41499989999999976,-0.015000399999999914,0.09450042139542725,-1.2209996999999997,-0.5259999999999998
2018-10-19,218.0,15.0,0.5010004000000001,0.08600050000000037,0.09504302192581879,-0.8119993000000001,-0.2119998999999999
2018-10-26,234.0,16.0,0.5489997999999998,0.04799939999999969,0.09509293042231054,-1.434,-0.36599919999999964
2018-11-02,253.0,19.0,0.6110001,0.06200030000000023,0.09483896336014457,-1.9350003999999998,-0.3299998999999998
2018-11-09,272.0,19.0,0.9370003000000002,0.3260002000000002,0.10887576771527525,-2.4089995,-0.2119998999999999
2018-11-16,251.0,-21.0,1.4790001000000004,0.5419998000000001,0.14202348713951155,-1.5500002000000004,-0.25800029999999996
2018-11-23,259.0,8.0,1.4659996000000004,-0.01300049999999997,0.1425484879158314,-3.4810009,-0.5040006000000004
2018-11-30,263.0,4.0,1.7720004,0.30600079999999963,0.14893935118446697,-1.9710007000000003,-0.43700030000000023
2018-12-07,271.0,8.0,1.4970007000000005,-0.2749996999999995,0.16140660422824413,-1.6070002999999997,-0.2069997999999993
2018-12-14,262.0,-9.0,0.9330006000000002,-0.5640001000000003,0.1972489940255457,-1.7030000000000003,-0.3899994000000002
2018-12-21,274.0,12.0,0.8290004,-0.10400020000000021,0.1989856697079998,-2.59200019,-0.4300003000000001
2018-12-28,296.0,22.0,0.6610003,-0.16800009999999999,0.20237408278068883,-0.8800000999999997,-0.4180001999999998
2019-01-04,302.0,6.0,0.35599990000000004,-0.30500039999999995,0.2112188095294355,-0.4940004,-0.3679999999999999
2019-01-11,303.0,1.0,0.3300009000000004,-0.02599899999999966,0.2113501704694119,-0.3530006000000001,-0.29000000000000004
2019-01-18,295.0,-8.0,0.5989998999999999,0.26899899999999954,0.21616214554620394,-1.2880001,-0.19900040000000008
2019-01-25,278.0,-17.0,0.18799969999999977,-0.41100020000000015,0.23050286277124052,-0.25600049999999985,-0.22099970000000013
2019-02-01,241.0,-37.0,0.03499979999999958,-0.1529999000000002,0.23246299232595952,-1.0690002,0.15400029999999987
2019-02-08,248.0,7.0,-0.02099990000000007,-0.05599969999999965,0.23260935087250073,-0.19400020000000007,-0.23299979999999998
2019-02-15,224.0,-24.0,-0.030999200000000116,-0.009999300000000044,0.23260086013123224,-0.19199949999999966,-0.1409997999999999
2019-02-22,199.0,-25.0,-0.38800049999999997,-0.35700129999999985,0.241946744119315,-0.29000000000000004,-0.21499919999999983
2019-03-01,180.0,-19.0,-0.3610000000000002,0.02700049999999976,0.24194220269400832,-1.0929995,-0.09799959999999963
2019-03-08,129.0,-51.0,-0.3449993,0.0160007000000002,0.24192210678651987,-0.8199996999999999,-0.15899949999999974
2019-03-15,135.0,6.0,-0.38000009999999973,-0.03500079999999972,0.24197930774145976,-0.2220002000000001,-0.4619998999999999
2019-03-22,137.0,2.0,-0.3959998999999996,-0.015999799999999897,0.2419773227625889,-2.3239995799999997,-0.19899939999999994
2019-03-29,156.0,19.0,-0.4009999999999998,-0.005000100000000174,0.2419508994224626,-2.1479998900000004,-0.2559996
2019-04-05,166.0,10.0,-0.4359999000000001,-0.034999900000000306,0.24197243074429797,-0.7080002000000001,-0.3330002000000003
2019-04-12,187.0,21.0,-0.4519997,-0.015999799999999897,0.24190815956850162,-2.39600027,-0.4240007000000001
2019-04-19,204.0,17.0,-0.48199939999999986,-0.02999969999999985,0.22128408327088966,-2.14099952,-0.5079994999999999
2019-04-26,224.0,20.0,-0.4069995999999998,0.07499980000000006,0.22203454308103956,-1.9529997900000002,-0.45499990000000023
2019-05-03,234.0,10.0,-0.4009999999999998,0.005999599999999994,0.22104512742472912,-1.8580002800000002,-0.512
2019-05-10,240.0,6.0,-0.40299989999999974,-0.0019998999999999434,0.22108362313850544,-0.8400002,-0.48000050000000005
2019-05-17,249.0,9.0,-0.40900040000000004,-0.006000500000000297,0.22009416047192418,-2.0939998699999998,-0.43799969999999977
2019-05-24,253.0,4.0,-0.3760003999999997,0.03300000000000036,0.21992705205488824,-2.3000003799999997,-0.5060004999999999
2019-05-31,256.0,3.0,-0.3660002000000002,0.01000019999999946,0.21937438461525505,-1.8580002800000002,-0.512
2019-06-07,256.0,0.0,-0.43999960000000016,-0.07399939999999994,0.20872698229389722,-1.271,-0.48500069999999984
2019-06-14,264.0,8.0,-0.4140005000000002,0.02599909999999994,0.17754161494574452,-0.6899994999999999,-0.41499989999999976
2019-06-21,263.0,-1.0,-0.44999980000000006,-0.035999299999999845,0.1773673940524402,-2.260000498,-0.4240007000000001
2019-06-28,259.0,-4.0,-0.4130001000000001,0.03699969999999997,0.16434578983327583,-0.7200002000000003,-0.3999996000000001
2019-07-05,257.0,-2.0,-0.3660002000000002,0.04699989999999987,0.16117128075097123,-1.2869997000000002,-0.3769998000000001
2019-07-12,246.0,-11.0,-0.3800001000000002,-0.013999899999999954,0.13046810576055676,-1.2699995,-0.3369998999999999
2019-07-19,229.0,-17.0,-0.4029999000000002,-0.022999800000000015,0.13001596159769604,-0.6500005,-0.24200050000000006
2019-07-26,226.0,-3.0,-0.4399994999999999,-0.03699959999999969,0.12778656333343347,-0.7439995000000001,-0.26999950000000017
2019-08-02,221.0,-5.0,-0.42500019999999994,0.014999299999999938,0.1175654108569367,-0.4399994999999999,-0.3949994999999997
2019-08-09,214.0,-7.0,-0.4110003,0.013999899999999954,0.11779240616115665,-1.3749998099999998,-0.45599939999999983
2019-08-16,205.0,-9.0,-0.3579998,0.053000500000000006,0.10514350570187185,-1.0500002,-0.29699999999999993
2019-08-23,199.0,-6.0,-0.3520002999999998,0.0059995000000001575,0.07713013128458006,-0.5029992999999999,-0.7620001000000001
2019-08-30,197.0,-2.0,-0.3400002,0.012000099999999847,0.07294073891424369,-0.9090003999999998,-0.8100003999999998
2019-09-06,199.0,2.0,-0.2989997999999998,0.04100040000000016,0.07309573913885006,-0.3899994000000002,-0.6820001
2019-09-13,200.0,1.0,-0.28400040000000004,0.014999399999999774,0.07322946910906714,-0.125,-0.6699991000000003
2019-09-20,207.0,7.0,0.18499949999999998,0.4689999,0.09082275857985425,-1.3699999,-0.927
2019-09-27,220.0,13.0,0.1110000999999996,-0.07399940000000038,0.0923784342883961,-1.1079997999999998,-1.3660001999999998
2019-10-04,229.0,9.0,0.03699969999999997,-0.07400039999999963,0.09381962590407929,-1.1140003,-1.5839999900000001
2019-10-11,246.0,17.0,-0.029999700000000296,-0.06699940000000026,0.09455999240372955,-1.7600004999999999,-1.0760003
2019-10-18,268.0,22.0,0.04600040000000005,0.07600010000000035,0.09512195345281652,-1.38000001,-0.5199995000000002
2019-10-25,293.0,25.0,0.22500040000000032,0.17900000000000027,0.09963086801450166,-1.6290003100000003,-0.7900000000000003
2019-11-01,303.0,10.0,0.34300039999999976,0.11799999999999944,0.10058389774670934,-1.3319998000000002,-0.5929994000000001
2019-11-08,313.0,10.0,0.3690004,0.026000000000000245,0.10027144376354089,-0.9270000999999999,-0.5409994999999999
2019-11-15,299.0,-14.0,0.3200007,-0.04899969999999998,0.10070533994761734,-1.0579996999999999,-0.3699998999999998
2019-11-22,303.0,4.0,0.3779992999999999,0.0579985999999999,0.10047192605660672,-0.5570000999999998,-0.36199950000000003
2019-11-29,316.0,13.0,0.2440004,-0.13399889999999992,0.10460708066097743,-0.8339995999999998,-0.6300000999999997
2019-12-06,321.0,5.0,0.16600040000000016,-0.07799999999999985,0.10610535936521383,-0.6350003000000002,-0.6000004000000001
2019-12-13,319.0,-2.0,0.12600040000000012,-0.040000000000000036,0.10656182407264844,-1.0620002,-0.34199999999999986
2019-12-20,309.0,-10.0,0.11600019999999978,-0.010000200000000348,0.10663995083808529,-0.3179999,-0.29399969999999986
2019-12-27,313.0,4.0,0.07100010000000001,-0.045000099999999765,0.10722494513780828,0.39299969999999984,-0.1499995999999999
2020-01-03,323.0,10.0,0.01699919999999988,-0.05400090000000013,0.10671630264151365,-0.2160006000000001,-0.3650008
2020-01-10,320.0,-3.0,0.03800010000000009,0.02100090000000021,0.10670281614013286,-1.6609997100000002,-0.4930000000000001
2020-01-17,328.0,8.0,-0.00800029999999996,-0.04600040000000005,0.10688333282019456,-1.48199959,-0.2649994000000002
2020-01-24,297.0,-31.0,-0.03800009999999987,-0.02999979999999991,0.10710178642506715,-1.1590004,-0.36700050000000006
2020-01-31,281.0,-16.0,-0.043999699999999864,-0.005999599999999994,0.10695009270219827,-0.8079996,-0.35999970000000014
2020-02-07,269.0,-12.0,-0.03400029999999998,0.00999939999999988,0.10684841884623589,-0.4549999,-0.3150005
2020-02-14,257.0,-12.0,-0.019000100000000186,0.015000199999999797,0.10664997578742294,-0.5909996000000002,-0.363
2020-02-21,244.0,-13.0,-0.6450003999999998,-0.6260002999999996,0.15799105792841456,-1.3890000100000002,-0.3050003000000001
2020-02-28,229.0,-15.0,-0.7130003,-0.06799990000000022,0.1583219230563681,-1.2230000200000002,-0.34700010000000003
2020-03-06,235.0,6.0,-0.7629995999999999,-0.04999929999999986,0.15842410628366124,-1.5199998700000001,-0.349
2020-03-13,247.0,12.0,-0.7830000000000001,-0.02000040000000025,0.1579554680814554,-0.7470007000000001,-0.38700010000000007
2020-03-20,258.0,11.0,-0.9550000000000001,-0.17199999999999993,0.1604945507795403,-1.34600032,-0.36999990000000005
2020-03-27,256.0,-2.0,-1.0250005,-0.07000049999999991,0.1606272223863188,-1.2359999099999999,-0.5850000999999998
2020-04-03,265.0,9.0,-1.1749993,-0.1499988000000001,0.1617908735341527,-0.42800039999999995,-0.2449998
2020-04-10,286.0,21.0,-1.1680002,0.006999100000000036,0.16172208714688252,-1.14499972,-0.40499969999999985
2020-04-17,301.0,15.0,-1.1750002,-0.006999999999999895,0.13169325381047214,-1.0140000100000002,-0.26500040000000014
2020-04-24,314.0,13.0,-1.1269999,0.048000299999999996,0.13265765770379068,-0.9450004899999999,-0.22500039999999988
2020-05-01,331.0,17.0,-1.2139997,-0.08699980000000007,0.13278943139933835,-0.23200029999999994,-0.3769998000000001
2020-05-08,340.0,9.0,-1.1990004,0.014999299999999938,0.13309428614421237,-0.17499920000000002,-0.4289999
2020-05-15,345.0,5.0,-1.3090000000000002,-0.10999960000000009,0.13188078424550162,-0.2670002,-0.42600060000000006
2020-05-22,348.0,3.0,-1.0760002000000002,0.23299979999999998,0.13536825727295798,-0.3499994999999998,-0.40999989999999986
2020-05-29,353.0,5.0,-1.0700007000000002,0.0059994999999999354,0.13227349709649655,-0.23699950000000003,-0.4379997
2020-06-05,357.0,4.0,-1.1680002999999999,-0.09799959999999963,0.1318471794514985,-0.35700029999999994,-0.47000019999999987
2020-06-12,358.0,1.0,-1.2410002,-0.07299990000000012,0.13190595866605634,-0.34700010000000003,-0.3649998000000001
2020-06-19,372.0,14.0,-1.2030001000000001,0.03800009999999987,0.13138019798413017,-0.19000050000000002,-0.12700080000000002
2020-06-26,368.0,-4.0,-1.2720002999999998,-0.06900019999999962,0.1305264263541736,-0.24700069999999985,-0.1350001999999999
2020-07-03,364.0,-4.0,-1.1729992999999999,0.0990009999999999,0.13321477173639742,-0.67399998,-0.26000029999999996
2020-07-10,359.0,-5.0,-1.0640001,0.10899919999999996,0.13613894347809186,-0.2250004000000001,-0.5600004000000001
2020-07-17,349.0,-10.0,-1.1559990999999998,-0.09199899999999994,0.1363457813124731,-0.2580004,-0.45800019999999986
2020-07-24,339.0,-10.0,-1.0310001,0.12499899999999986,0.13972476935696954,-0.8020005000000001,-0.5100002000000001
2020-07-31,336.0,-3.0,-1.0799999000000002,-0.04899980000000026,0.13970643947546357,-0.5800000000000001,-0.5900002
2020-08-07,337.0,1.0,-0.9090004,0.1709995000000002,0.14444166959056895,-1.2790000099999999,-0.9560004
2020-08-14,335.0,-2.0,-0.8470001000000003,0.062000299999999786,0.14541215201584437,-0.6899996000000002,-1.1469993
2020-08-21,334.0,-1.0,-0.6929997999999999,0.1540003000000003,0.14915571948249412,-1.3369999,-1.3299999
2020-08-28,331.0,-3.0,-0.6079998,0.08499999999999996,0.15040887403307782,-1.0590000000000002,-1.4419995
2020-09-04,335.0,4.0,-0.8009996999999998,-0.19299989999999978,0.1536009862974973,-0.04500009999999999,-0.39500040000000003
2020-09-11,349.0,14.0,-1.0209999,-0.2200002000000003,0.15740596807341056,-0.5680008000000001,-0.75
2020-09-18,349.0,0.0,-1.2369995,-0.21599959999999996,0.1167205128081031,-0.7059998800000001,-0.6009999200000001
2020-09-25,358.0,9.0,-0.026999500000000065,1.21,0.25261106855160587,-1.17999967,-0.8849993
2020-10-02,366.0,8.0,-0.28700059999999983,-0.26000109999999976,0.2575610350837821,-1.4260002,-0.56600022
2020-10-09,366.0,0.0,-0.1169996999999996,0.17000090000000023,0.2589807938085922,-1.94999998,-1.73000001
2020-10-16,360.0,-6.0,-0.17500019999999994,-0.05800050000000034,0.256860741621924,-1.75900042,-0.9450006
2020-10-23,360.0,0.0,0.2679996,0.44299979999999994,0.2671204178146144,-1.9130002,-1.7160005999999999
2020-10-30,348.0,-12.0,0.3210001,0.053000500000000006,0.26461966583913415,-0.6300001000000002,-1.7299996000000002
2020-11-06,345.0,-3.0,0.08099940000000005,-0.24000069999999996,0.2697914444198287,-0.8730001000000003,-2.37000008
2020-11-13,350.0,5.0,0.12300009999999961,0.04200069999999956,0.2696351417618985,-0.3790005999999999,-1.3670005
2020-11-20,356.0,6.0,0.16200060000000027,0.03900050000000066,0.2696347001170608,-0.2959995999999998,-0.7459993999999999
2020-11-27,368.0,12.0,0.22700019999999999,0.06499959999999971,0.26853416331059793,-0.2440004,-1.1500005
2020-12-04,361.0,-7.0,0.0669995000000001,-0.16000069999999988,0.2711643722306117,-0.29399969999999964,-0.5430002999999999
2020-12-11,348.0,-13.0,-0.005000100000000174,-0.07199960000000027,0.2705168796804542,-0.3150006000000003,-0.6730004
2020-12-18,337.0,-11.0,0.029999799999999688,0.03499989999999986,0.26813816311719674,-0.27099990000000007,-0.5819998000000002
2020-12-25,334.0,-3.0,-0.005999599999999994,-0.03599939999999968,0.2684143763718426,-0.3219996000000003,-0.3800001000000002
2021-01-01,333.0,-1.0,-0.010000199999999904,-0.00400059999999991,0.2673491796992317,-0.08399959999999984,-0.38700009999999985
2021-01-08,327.0,-6.0,0.040999499999999856,0.05099969999999976,0.2665215664894976,-0.1700001000000002,-0.5
2021-01-15,296.0,-31.0,0.04200080000000028,0.0010013000000004268,0.2666298056592921,-0.33999919999999983,-0.4399995999999997
2021-01-22,288.0,-8.0,-0.04699989999999987,-0.08900070000000015,0.2669404525107009,-0.16699980000000014,-0.2849998
2021-01-29,281.0,-7.0,-0.018000600000000144,0.028999299999999728,0.266720322196876,-0.18000039999999995,-0.33000000000000007
2021-02-05,261.0,-20.0,0.022000300000000195,0.04000090000000034,0.2663887226599489,-0.37899970000000005,-0.18999960000000016
2021-02-12,233.0,-28.0,0.035999299999999845,0.01399899999999965,0.26533056636794045,10.0,-2.3179999
2021-02-19,150.0,-83.0,-0.3520002999999998,-0.38799959999999967,0.27596363425657094,-0.7790002000000005,-1.6119995000000005
2021-02-26,159.0,9.0,-0.41300009999999965,-0.060999799999999826,0.27607971678426624,-0.2749996000000001,-0.4639997
2021-03-05,176.0,17.0,-0.4359997999999998,-0.02299970000000018,0.27474379412885463,-0.3759994999999998,-0.3959999999999999
2021-03-12,197.0,21.0,-0.44799999999999995,-0.012000200000000127,0.274646565177523,-0.3199996999999999,-0.5
2021-03-19,215.0,18.0,-0.4689999,-0.02099990000000007,0.2734107943389398,-0.4799996000000002,-0.6300001000000002
2021-03-26,226.0,11.0,-0.42599960000000037,0.04300029999999966,0.27310745853087026,-0.4200001000000002,-0.8000002000000002
2021-04-02,235.0,9.0,-0.4309997000000001,-0.00500009999999973,0.2705269235933259,-0.3540000000000001,-0.5349998
2021-04-09,251.0,16.0,-0.5469998999999999,-0.11600019999999978,0.2681025130115756,-0.20599940000000005,-0.8379994000000002
2021-04-16,256.0,5.0,-0.49399939999999987,0.053000500000000006,0.2645575717621561,-0.1949996999999999,-0.5609997999999998
2021-04-23,258.0,2.0,-0.40200040000000037,0.0919989999999995,0.14237014486427962,-0.3129997000000002,-0.79
2021-04-30,264.0,6.0,-0.3219995,0.08000090000000037,0.13534817808851402,-0.33100030000000036,-0.8530006000000001
2021-05-07,269.0,5.0,-0.31900030000000035,0.0029991999999996466,0.13144346216053798,-0.3269997,-0.6199998999999998
2021-05-14,280.0,11.0,-0.3499994000000002,-0.030999099999999835,0.13117247558891343,-0.4399995999999997,-0.8979998
2021-05-21,296.0,16.0,-0.3179998000000004,0.031999599999999795,0.10057246451129492,-0.3310002999999999,-0.5469998999999999
2021-05-28,300.0,4.0,-0.2919997999999997,0.02600000000000069,0.1000202782137673,-0.31299980000000005,-0.7130003
2021-06-04,302.0,2.0,-0.2889995000000001,0.0030002999999996227,0.09106432255148189,-0.4390002000000002,-1.1589995
2021-06-11,299.0,-3.0,-0.2530001999999998,0.03599930000000029,0.09094736457248866,-0.13699910000000015,-1.1849995
2021-06-18,295.0,-4.0,-0.26299949999999983,-0.009999300000000044,0.09042846710858848,-0.2770003999999999,-0.8769998999999999
2021-06-25,296.0,1.0,-0.19399929999999976,0.06900020000000007,0.09055210325461548,-0.30900000000000016,-0.6499997
2021-07-02,286.0,-10.0,-0.15400020000000003,0.03999909999999973,0.08671604733528251,-0.4700002000000003,-0.9400005
2021-07-09,283.0,-3.0,-0.20200070000000014,-0.04800050000000011,0.0862084495415287,-0.3070001000000002,0.11299989999999971
2021-07-16,279.0,-4.0,-0.23500060000000023,-0.03299990000000008,0.08597148837954134,-0.40199950000000007,-0.7659997999999999
2021-07-23,269.0,-10.0,-0.20200059999999986,0.03300000000000036,0.08614245315098641,-0.5099993000000005,-1.1300001000000002
2021-07-30,250.0,-19.0,-0.22299950000000024,-0.020998900000000376,0.08618111445092384,-0.5120000999999998,-1.0929995
2021-08-06,247.0,-3.0,-0.2599993000000005,-0.03699980000000025,0.08563125572590784,-0.5200005000000001,-0.5500002000000004
2021-08-13,244.0,-3.0,-0.2740001999999997,-0.014000899999999206,0.08560839553800358,-0.3449993,-0.4449996999999999
2021-08-20,229.0,-15.0,-0.23299979999999998,0.041000399999999715,0.08478581290946592,-0.5529995000000003,-0.33599950000000023
2021-08-27,214.0,-15.0,-0.1860008000000004,0.04699899999999957,0.08510657237300381,-0.4040002000000005,-0.5740003000000002
2021-09-03,208.0,-6.0,-0.19299989999999934,-0.006999099999998926,0.08466966492795616,-0.3670004999999996,-1.3200006000000002
2021-09-10,217.0,9.0,-0.19099999999999984,0.0019998999999994993,0.08459454080175903,-0.5799999999999992,-0.9700002999999997
2021-09-17,228.0,11.0,-0.2230004999999995,-0.032000499999999654,0.04517174907885915,-0.7199993000000005,-0.5299997000000003
2021-09-24,239.0,11.0,1.2950000999999998,1.5180005999999993,0.2793521759914825,-0.9029997999999999,-1.1729992999999999
2021-10-01,259.0,20.0,1.6790009000000001,0.38400080000000036,0.2851589813269513,-0.48800000000000043,-2.0079995000000004
2021-10-08,269.0,10.0,1.5689993000000002,-0.11000159999999992,0.28669388342507507,-0.8129998,-1.3859997000000002
2021-10-15,283.0,14.0,1.2889995999999995,-0.27999970000000074,0.29326683947969817,-0.6620006000000007,-0.9090004
2021-10-22,304.0,21.0,1.4490004,0.1600008000000006,0.29382966016657125,-0.3970003000000002,-0.6970004999999997
2021-10-29,320.0,16.0,1.9420004000000004,0.4930000000000003,0.3037834635913111,-0.7940005999999995,-1.0780000999999997
2021-11-05,324.0,4.0,1.4139995,-0.5280009000000003,0.3216925419435992,-0.8100003999999998,-0.79
2021-11-12,331.0,7.0,0.8050002999999997,-0.6089992000000004,0.3444688519123032,-0.6500005999999994,-0.5900001000000001
2021-11-19,338.0,7.0,1.0670004000000004,0.26200010000000074,0.3466887557198432,-0.3220004999999997,-0.3360004999999999
2021-11-26,335.0,-3.0,1.125,0.057999599999999596,0.346644110605854,-0.5939999,-0.34599970000000013
2021-12-03,328.0,-7.0,0.3809994999999997,-0.7440005000000003,0.37562316282245534,-0.19100000000000028,-0.5110006
2021-12-10,328.0,0.0,0.2110004000000001,-0.16999909999999963,0.377170565746184,-0.5109997000000002,-0.8210001
2021-12-17,334.0,6.0,0.20499990000000023,-0.006000499999999853,0.3771881692453157,-0.45599940000000005,-0.6560001
2021-12-24,326.0,-8.0,0.16100029999999999,-0.04399960000000025,0.3773498248992731,-1.1110000000000002,-1.1110000000000002
2021-12-31,347.0,21.0,0.2049998999999998,0.043999599999999806,0.37737873469685485,-0.5480003,-1.3240004
2022-01-07,330.0,-17.0,0.24900050000000018,0.04400060000000039,0.37739584234017126,-0.4810000000000003,-0.3339997000000001
2022-01-14,308.0,-22.0,0.2550001000000002,0.005999599999999994,0.37736806687870966,-0.6149997999999997,-0.4549998999999998
2022-01-21,279.0,-29.0,0.035999299999999845,-0.21900080000000033,0.3796629271607286,-0.4920005999999999,-0.3019999999999996
2022-01-28,231.0,-48.0,0.07600020000000018,0.04000090000000034,0.37966293244672683,-1.0,-0.33799940000000017
2022-02-04,207.0,-24.0,0.07999989999999979,0.003999699999999606,0.37951869717849884,-0.5270004000000004,-0.19000050000000002
2022-02-11,173.0,-34.0,0.005999499999999713,-0.07400040000000008,0.3797504010519346,-0.6999998000000001,-0.4799994999999999
2022-02-18,168.0,-5.0,-0.4739999999999993,-0.479999499999999,0.38999916349870295,-0.6950005999999997,-0.6120004999999997
2022-02-25,163.0,-5.0,-0.45400049999999936,0.019999499999999948,0.3900277404640512,-0.48000049999999916,-0.2799997999999997
2022-03-04,151.0,-12.0,-0.3979998,0.05600069999999935,0.39015640169012417,-0.6949996999999994,-0.8199996999999994
2022-03-11,159.0,8.0,-0.5,-0.10200019999999999,0.3905601108528806,-0.8509997999999999,-0.38500019999999946
2022-03-18,156.0,-3.0,-0.43799969999999977,0.06200030000000023,0.39066890065569204,-1.1710004000000005,-1.0110006000000005
2022-03-25,169.0,13.0,-0.35700039999999955,0.08099930000000022,0.39087971627989276,-1.2089996999999997,-0.4589996999999997
2022-04-01,173.0,4.0,-0.4519997,-0.09499930000000045,0.39121985046474733,-0.8270007000000001,-0.28000069999999955
2022-04-08,186.0,13.0,-0.47300059999999977,-0.021000899999999767,0.39122083133896196,-0.7260007999999996,-0.5560007999999996
2022-04-15,201.0,15.0,-0.5459996,-0.07299900000000026,0.3913740801004755,-0.9350005000000001,-0.33500010000000024
2022-04-22,215.0,14.0,-0.3710002000000001,0.17499939999999992,0.2677682002159855,-0.7349997000000004,-0.9650002000000004
2022-04-29,233.0,18.0,-0.35300060000000055,0.01799959999999956,0.25508930577347316,-0.6849994000000006,-0.8800001000000002
2022-05-06,241.0,8.0,-0.33699990000000035,0.0160007000000002,0.25540648055201914,-0.6239996000000003,-0.7989997999999998
2022-05-13,251.0,10.0,-0.3319996999999999,0.005000200000000454,0.252359437346976,-0.4949998999999998,-1.045
2022-05-20,252.0,1.0,-0.21899990000000003,0.11299979999999987,0.25112773958276124,-0.7300005,-0.5320005999999999
2022-05-27,248.0,-4.0,-0.08799939999999928,0.13100050000000074,0.23181285288695275,-0.9399996000000002,-0.8040000000000003
2022-06-03,251.0,3.0,-0.11200050000000061,-0.02400110000000133,0.2149507272711735,-0.6669998000000001,-1.1370000000000005
2022-06-10,251.0,0.0,-0.2609996999999993,-0.14899919999999867,0.1885493967544722,-0.9570007999999994,-1.2770004999999998
2022-06-17,248.0,-3.0,-0.2019997,0.058999999999999275,0.1809945844066086,-1.1190005000000003,-0.9490004000000001
2022-06-24,242.0,-6.0,-0.2829999999999995,-0.08100029999999947,0.18011546278349888,-0.15000049999999998,-0.3000002000000004
2022-07-01,233.0,-9.0,-0.33600039999999964,-0.05300040000000017,0.12303965643181981,-0.6719999000000003,-0.6420002
2022-07-08,221.0,-12.0,-0.2529994000000002,0.08300099999999944,0.12133925007646804,-0.6499997000000004,-1.3499995
2022-07-15,206.0,-15.0,-0.1680003000000001,0.0849991000000001,0.12271370163571368,-0.11600020000000022,-0.6459999000000005
2022-07-22,195.0,-11.0,-0.1789998999999991,-0.010999599999998999,0.12256880563726585,-0.6459999000000005,-0.4960003000000004
2022-07-29,195.0,0.0,-0.20600029999999947,-0.02700040000000037,0.12214829039295051,-0.6269998000000001,-0.8569994000000003
2022-08-05,193.0,-2.0,-0.2299994999999999,-0.023999200000000442,0.12167062965216073,-1.4999999999999991,-0.9499997999999996
2022-08-12,185.0,-8.0,-0.2160005999999992,0.013998900000000702,0.12172918031051289,-1.1359996999999993,-1.2759999999999998
2022-08-19,184.0,-1.0,-0.21599959999999996,9.999999992515995e-07,0.11552554530064757,-1.6870002,-1.0869999000000004
2022-08-26,185.0,1.0,-0.26999950000000084,-0.05399990000000088,0.11544226340160058,-1.7989997000000004,-0.9289999000000009
2022-09-02,182.0,-3.0,-0.29199980000000103,-0.022000300000000195,0.11541922368009894,-1.08,-1.4300004000000008
2022-09-09,187.0,5.0,-0.2819995999999989,0.010000200000002124,0.1148909938087404,-1.6570004999999988,-1.2069997999999993
2022-09-16,199.0,12.0,-0.3030003999999993,-0.021000800000000375,0.07302098757651881,-2.2559996,-1.3059997999999995
2022-09-23,204.0,5.0,1.9709997000000001,2.2740000999999994,0.42060138302795996,-3.0950002,-2.9770002
2022-09-30,225.0,21.0,2.0529995000000003,0.08199980000000018,0.42057523610801845,-3.1829996,-2.6529999
2022-10-07,253.0,28.0,1.7720003000000002,-0.2809992000000001,0.42452241986363554,-2.75,-1.1000002999999996
2022-10-14,271.0,18.0,1.3649997999999997,-0.40700050000000054,0.433584521160639,-2.4789992,-1.1499996000000001
2022-10-21,277.0,6.0,1.0240001999999997,-0.34099959999999996,0.4396855680832199,-1.4499999,-1.0839996999999997
2022-10-28,299.0,22.0,1.1920003000000001,0.16800010000000043,0.4393984375143737,-1.8650007,-7.4490005
2022-11-04,311.0,12.0,1.3820000000000006,0.18999970000000044,0.43983177663809425,-2.4530001,-3.38600031
2022-11-11,327.0,16.0,1.1510001,-0.23099990000000048,0.4424402226686351,-1.0430001999999994,-1.7429999999999994
2022-11-18,318.0,-9.0,1.4890002999999998,0.33800019999999975,0.44493858743264153,-1.2720003000000002,-0.3020000999999999
2022-11-25,314.0,-4.0,2.1149997999999997,0.6259994999999998,0.45656050330870734,-1.6899995000000008,-0.7399997000000003
2022-12-02,327.0,13.0,1.3459997000000001,-0.7690000999999995,0.48226121043760917,-1.9200001000000002,0.10000039999999988
2022-12-09,337.0,10.0,1.3210001,-0.02499960000000012,0.4824019047272475,-4.83399932,-6.5289994
2022-12-16,340.0,3.0,1.4470004999999997,0.12600039999999968,0.4824615467632317,-4.0050001,-1.0749997999999996
2022-12-23,323.0,-17.0,0.8329992000000006,-0.6140012999999991,0.4973857729954899,-1.3969994000000003,-2.5499993000000005
2022-12-30,270.0,-53.0,0.6770000999999999,-0.15599910000000072,0.49846900630143165,-3.510000498,-1.1600008000000002
2023-01-06,295.0,25.0,0.39700029999999975,-0.27999980000000013,0.5006267410465931,-1.9899997999999999,-0.7290000999999999
2023-01-13,307.0,12.0,0.25399970000000005,-0.1430005999999997,0.5014687395232035,-3.462999598,-0.8730001000000001
2023-01-20,310.0,3.0,0.006000499999999853,-0.2479992000000002,0.5034962485989964,-3.089999701,-0.44000059999999985
2023-01-27,297.0,-13.0,-0.029000299999999868,-0.03500079999999972,0.5034297581189615,-0.6230001999999999,-0.43500039999999984
2023-02-03,271.0,-26.0,-0.06999970000000033,-0.04099940000000046,0.5033207396972125,-0.9029999000000002,0.3769998000000001
2023-02-10,262.0,-9.0,-0.09300000000000042,-0.023000300000000085,0.5031231495544606,1.5339996299999998,-0.408
2023-02-17,262.0,0.0,-1.6910000000000003,-1.5979999999999999,0.5818614571780114,-0.7519999000000002,-2.7049998200000003
2023-02-24,261.0,-1.0,-1.6139999999999999,0.0770000000000004,0.5823153129870433,1.765000129,-0.31599999100000004
2023-03-03,261.0,0.0,-1.4250000000000003,0.1889999999999996,0.5839009380685536,-0.4929999999999999,-3.2659996299999996
2023-03-10,266.0,5.0,-1.6409999999999996,-0.2159999999999993,0.5846791728510609,-1.0,-0.14999969999999996
2023-03-17,262.0,-4.0,-1.537,0.10399999999999965,0.585278527689204,-1.4209996,-0.24099920000000008
2023-03-24,262.0,0.0,-1.629,-0.09200000000000008,0.5853419580661056,-1.37399957,-0.2889995999999999
2023-03-31,263.0,1.0,-1.7109999999999999,-0.08199999999999985,0.5853621054817599,-1.7750003,-2.51100031
2023-04-07,261.0,-2.0,-1.7079999999999997,0.0030000000000001137,0.5853398713581911,-0.7780008,-0.4280005
2023-04-14,266.0,5.0,-1.6260000000000003,0.0819999999999994,0.585802763620188,-1.1199999,-2.7039999
2023-04-21,275.0,9.0,-1.4650000000000003,0.16100000000000003,0.3926669995438843,-1.1969995999999998,-0.5869998999999999
2023-04-28,278.0,3.0,-1.512,-0.04699999999999971,0.39114397147899194,-1.0010004000000001,-2.93000053
2023-05-05,287.0,9.0,-1.597,-0.08499999999999996,0.3899770542775014,-0.8459998,-0.4159994
2023-05-12,290.0,3.0,-1.5539999999999998,0.04300000000000015,0.3868930477858418,-1.10200027,-0.9140005999999998
2023-05-19,294.0,4.0,-1.218,0.33599999999999985,0.39189998957240507,-1.0690003,-0.9890002999999998
2023-05-26,304.0,10.0,-1.374,-0.15600000000000014,0.38943672842532573,-0.7300005,-0.6300002
2023-06-02,319.0,15.0,-1.4969999999999999,-0.12299999999999978,0.38597782959700033,-0.2399998000000001,-0.3899994
2023-06-09,324.0,5.0,-1.4009999999999998,0.09600000000000009,0.3866496495072623,-0.29700000000000015,-0.6570006000000002
2023-06-16,330.0,6.0,-1.241,0.1599999999999997,0.38126181397208236,-0.27699949999999984,-0.8269997
2023-06-23,330.0,0.0,-1.017,0.2240000000000002,0.36175846749687557,-0.13599969999999972,-1.0959997999999997
2023-06-30,329.0,-1.0,-1.08,-0.06300000000000017,0.33930012119227115,-0.4799996000000002,-1.2100000000000002
2023-07-07,323.0,-6.0,-1.17,-0.08999999999999986,0.33913856642487106,-0.6360006,-1.1160002
2023-07-14,321.0,-2.0,-1.1999999999999997,-0.029999999999999805,0.3370122415375088,1.901000501,1.408999901
2023-07-21,310.0,-11.0,-1.097,0.10299999999999976,0.3235973536933543,-0.30200000000000005,-1.3120003000000002
2023-07-28,297.0,-13.0,-1.17,-0.07299999999999995,0.3231411049614478,-3.12999983,-1.3400002000000002
2023-08-04,284.0,-13.0,-1.1600000000000001,0.009999999999999787,0.32070990567059854,-0.5759993000000001,-1.4499998
2023-08-11,272.0,-12.0,-1.2399999999999998,-0.07999999999999963,0.32029880734873944,-0.20999999999999996,-1.4499997999999998
2023-08-18,260.0,-12.0,-1.347,-0.1070000000000002,0.31831857147881426,-0.5099992000000002,-1.2899999000000002
2023-08-25,249.0,-11.0,-1.2189999999999999,0.1280000000000001,0.3198841738152835,-0.5139999,-1.5339997899999998
2023-09-01,241.0,-8.0,-1.02,0.19899999999999984,0.3228371352751206,-0.8000001999999999,-1.1300001999999998
2023-09-08,241.0,0.0,-1.0950000000000002,-0.07500000000000018,0.32292858183430756,-0.5380001000000001,-1.0900002000000002
2023-09-15,242.0,1.0,-0.9510000000000001,0.14400000000000013,0.13216351766769344,-0.7439995000000001,-1.3540001000000002
2023-09-22,250.0,8.0,-0.0950000000000002,0.8559999999999999,0.2012629920129949,-1.1330003999999998,-1.7030003899999997
2023-09-29,259.0,9.0,-0.06899999999999995,0.026000000000000245,0.1995920667347481,-1.2810001,-1.6210003
2023-10-06,267.0,8.0,0.0860000000000003,0.15500000000000025,0.19427277008217642,-1.0289994,-1.7189998999999998
2023-10-13,285.0,18.0,-0.017999999999999794,-0.10400000000000009,0.1962599408127292,-2.23900001,-2.286
2023-10-20,299.0,14.0,0.22199999999999998,0.23999999999999977,0.19729745615921263,-1.2040004,-1.2740000999999999
2023-10-27,313.0,14.0,0.3530000000000002,0.13100000000000023,0.19577457127681464,-2.0439997,-2.1419993
2023-11-03,313.0,0.0,0.242,-0.11100000000000021,0.19818730256136896,-2.47000002,-1.4519996
2023-11-10,332.0,19.0,0.08699999999999974,-0.15500000000000025,0.20216984153821285,-1.8879997200000003,-0.9489994000000002
2023-11-17,331.0,-1.0,0.12699999999999978,0.040000000000000036,0.20123034208268029,-2.09100022,-0.39599990000000007
2023-11-24,343.0,12.0,0.2650000000000001,0.13800000000000034,0.20089243705119342,-0.9220000000000002,-0.42200000000000015
2023-12-01,334.0,-9.0,0.21499999999999986,-0.050000000000000266,0.20012609817915725,-0.9300003000000001,-0.7000008
2023-12-08,336.0,2.0,0.21899999999999986,0.0040000000000000036,0.20036954651945912,-1.4020004,-0.7819995999999998
2023-12-15,331.0,-5.0,0.15799999999999992,-0.06099999999999994,0.19447431056893935,-0.5900001000000001,-0.8400001000000001
2023-12-22,329.0,-2.0,0.1980000000000004,0.04000000000000048,0.19071473552095417,-2.0369998,-0.8870000999999998
2023-12-29,344.0,15.0,0.16999999999999993,-0.02800000000000047,0.18847750864325358,-1.25,-0.8099995
2024-01-05,332.0,-12.0,0.32399999999999984,0.15399999999999991,0.18920263722008315,-1.2459994,-0.5459995000000002
2024-01-12,332.0,0.0,0.7360000000000002,0.41200000000000037,0.19923809184335015,-4.6849997000000005,-3.9450000000000003
2024-01-19,269.0,-63.0,0.2520000000000002,-0.484,0.22064672184754724,-0.9289999,-0.7160005
2024-01-26,248.0,-21.0,-0.025000000000000355,-0.2770000000000006,0.22752053084067583,-0.46300030000000003,-0.7130003
2024-02-02,257.0,9.0,-0.006999999999999673,0.018000000000000682,0.22632303482401864,-1.3389997,-0.3409996000000002
2024-02-09,271.0,14.0,-0.038000000000000034,-0.03100000000000036,0.226333585563484,-0.74100002,-0.4980001999999999
2024-02-16,278.0,7.0,-0.07099999999999995,-0.03299999999999992,0.2263639730077691,-0.94800037,-0.29800040000000005
2024-02-23,275.0,-3.0,-1.9479999999999997,-1.8769999999999998,0.41600281276679485,-1.3910001799999998,-0.2440004
2024-03-01,285.0,10.0,-1.912,0.03599999999999981,0.4161073247938882,-0.81899992,-0.16899970000000009
2024-03-08,294.0,9.0,-1.934,-0.02200000000000002,0.415978011134154,-1.4279999,-0.07499980000000006
2024-03-15,300.0,6.0,-2.077,-0.14300000000000002,0.4162801057422532,-3.3349992000000004,-1.81499921
2024-03-22,294.0,-6.0,-1.8829999999999998,0.19400000000000017,0.4172861197633182,-2.22000003,-0.07999990000000001
2024-03-29,294.0,0.0,-1.9229999999999998,-0.040000000000000036,0.41519495628456016,-1.448999626,-0.13899989999999995
2024-04-05,299.0,5.0,-1.913,0.009999999999999787,0.4151680119673473,-2.52600029,-0.17600060000000006
2024-04-12,300.0,1.0,-1.999,-0.08600000000000008,0.41401831821320645,-3.7609998,-0.23099990000000004
2024-04-19,309.0,9.0,-1.763,0.2360000000000002,0.38226878068926207,-2.8040000000000003,-0.21399980000000007
2024-04-26,314.0,5.0,-1.85,-0.08700000000000019,0.3819936344778655,-3.5999996,-0.3599996999999999
2024-05-03,314.0,0.0,-1.6800000000000002,0.16999999999999993,0.38229359843227667,-1.4209996,-0.3509998999999999
2024-05-10,313.0,-1.0,-1.4620000000000002,0.21799999999999997,0.38548963341608067,-4.8570004,-0.6870002
2024-05-17,319.0,6.0,-1.241,0.22100000000000009,0.3850152422717952,-3.0429999299999997,-0.9929999999999999
2024-05-24,325.0,6.0,-1.1069999999999998,0.13400000000000034,0.38506392960787356,-2.5189999899999997,-0.7400007000000002
2024-05-31,330.0,5.0,-1.161,-0.05400000000000027,0.3848863408881884,-0.9399998199999999,-0.6799993999999998
2024-06-07,336.0,6.0,-1.0830000000000002,0.07799999999999985,0.3849778318740998,-1.9229999199999999,-1.3619994999999998
2024-06-14,337.0,1.0,-1.1590000000000003,-0.07600000000000007,0.3847394759675903,-1.5860004,-1.1859999
2024-06-21,334.0,-3.0,-1.157,0.002000000000000224,0.3833335272363326,-2.2399996100000004,-0.2899999000000002
2024-06-28,326.0,-8.0,-1.201,-0.04400000000000004,0.383333689155257,-4.4200001,-1.0100002000000001
2024-07-05,327.0,1.0,-1.3450000000000002,-0.14400000000000013,0.38360429803544205,-5.8200007,-0.7700005000000001
2024-07-12,318.0,-9.0,-1.315,0.03000000000000025,0.3838914492764668,-1.71500001,-0.5349998
2024-07-19,313.0,-5.0,-1.4859999999999998,-0.17099999999999982,0.38413554839435227,-2.1330004000000002,-0.6730003
2024-07-26,307.0,-6.0,-1.431,0.054999999999999716,0.38464372080410053,-3.2329999000000003,-0.7830000000000001
2024-08-02,300.0,-7.0,-1.448,-0.016999999999999904,0.3827270507846274,-2.9500009,-0.45999999999999996
2024-08-09,286.0,-14.0,-1.4640000000000004,-0.01600000000000046,0.3723997049272259,-6.6699992,-0.5599993999999999
2024-08-16,280.0,-6.0,-1.3159999999999998,0.14800000000000058,0.3661915772711979,-4.989999900000001,-0.5300007000000002
2024-08-23,272.0,-8.0,-1.2289999999999996,0.08700000000000019,0.3645150517996556,-3.8149996,-0.46499919999999983
2024-08-30,267.0,-5.0,-1.279,-0.050000000000000266,0.3643524818558021,-7.2400009,-0.48000050000000005
2024-09-06,266.0,-1.0,-1.1110000000000002,0.1679999999999997,0.3663730606093053,-2.0720001,-0.6420002
2024-09-13,271.0,5.0,-0.996,0.11500000000000021,0.3674065758176122,-2.300000001,-0.75
2024-09-20,264.0,-7.0,-0.18000000000000016,0.8159999999999998,0.183987805692872,-1.7999999199999999,-1.0
2024-09-27,260.0,-4.0,-0.19099999999999984,-0.010999999999999677,0.18438948345606715,-2.4299997700000002,-1.04
2024-10-04,274.0,14.0,-0.17799999999999994,0.0129999999999999,0.18398027130615097,-0.9870005000000002,-1.2870006000000003
2024-10-11,292.0,18.0,-0.20599999999999996,-0.028000000000000025,0.18080709540039158,-0.8540001000000002,-0.7139998000000001
2024-10-18,312.0,20.0,-0.42300000000000004,-0.21700000000000008,0.18598597153870305,-1.772999999,-0.5229998
2024-10-25,328.0,16.0,0.2110000000000003,0.6340000000000003,0.21356929479248835,-2.9500009,-0.10000039999999988
2024-11-01,339.0,11.0,0.05899999999999972,-0.15200000000000058,0.2171857513160394,-1.85300041,-0.3030005
2024-11-08,346.0,7.0,0.07900000000000018,0.020000000000000462,0.21548772800217672,-0.42199986999999994,-0.19199939999999982
2024-11-15,347.0,1.0,0.12400000000000011,0.04499999999999993,0.21320111114415732,-0.6499997,-0.04999929999999986
2024-11-22,353.0,6.0,0.43500000000000005,0.31099999999999994,0.21591746241263698,-0.5100001999999999,-0.05899999999999972
2024-11-29,362.0,9.0,0.4710000000000001,0.03600000000000003,0.2152945296164268,-1.5539999,-0.6219996999999999
2024-12-06,340.0,-22.0,0.3740000000000001,-0.09699999999999998,0.2155945108379342,-0.7170000000000001,-0.27699950000000007
2024-12-13,338.0,-2.0,0.5139999999999998,0.13999999999999968,0.21402573967020688,-0.6620006000000003,-0.42500019999999994
2024-12-20,349.0,11.0,0.4870000000000001,-0.02699999999999969,0.2140858244487124,-0.8829993999999997,-0.2229994999999998
2024-12-27,349.0,0.0,0.4159999999999999,-0.07100000000000017,0.21440144160177513,-2.67699958,-0.6769999999999996
2025-01-03,364.0,15.0,0.40500000000000025,-0.010999999999999677,0.2146529837861,-1.2999993,-0.39999969999999996
2025-01-10,326.0,-38.0,0.6399999999999997,0.23499999999999943,0.21588430543541878,-1.1569996000000002,-0.19699950000000044
2025-01-17,297.0,-29.0,0.488,-0.1519999999999997,0.21911689264791523,-2.0850001000000002,-0.6789998999999991
2025-01-24,229.0,-68.0,-0.0129999999999999,-0.5009999999999999,0.24101618202933978,-1.1210003,-0.3900003000000001
2025-01-31,217.0,-12.0,-0.028999999999999915,-0.016000000000000014,0.23877644043277588,-1.9300004,-0.10000039999999988
2025-02-07,229.0,12.0,-0.005999999999999783,0.02300000000000013,0.2387938778359987,-1.4729995999999999,-0.052999499999999866
2025-02-14,214.0,-15.0,0.015000000000000124,0.020999999999999908,0.23539174733334114,-2.1180000000000003,0.12599949999999982
2025-02-21,159.0,-55.0,-1.0260000000000007,-1.0410000000000008,0.3083413636729981,-2.1400003,-0.28200049999999965
2025-02-28,150.0,-9.0,-1.1720000000000002,-0.14599999999999946,0.3096779639872851,-2.6099997,-0.5100001999999999
2025-03-07,161.0,11.0,-1.1680000000000001,0.0040000000000000036,0.3096433692039181,-3.2559995,-0.5660000000000003
2025-03-14,181.0,20.0,-1.4130000000000003,-0.2450000000000001,0.31190291187608604,-4.81200022,-1.1920003000000001
2025-03-21,202.0,21.0,-1.4480000000000004,-0.03500000000000014,0.31148090659366856,-4.7110005,-0.7040004999999998
2025-03-28,218.0,16.0,-1.404,0.04400000000000048,0.31150934931819235,-4.03599968,-1.4759998000000003
2025-04-04,233.0,15.0,-1.3290000000000002,0.07499999999999973,0.3101969266987235,-2.0550002999999997,-0.9049996999999999
2025-04-11,242.0,9.0,-1.3629999999999995,-0.033999999999999364,0.3093634937486447,-2.4379998,-0.4079999999999999
2025-04-18,266.0,24.0,-1.5940000000000003,-0.23100000000000076,0.26915035322971076,-2.6850005,-0.915
2025-04-25,281.0,15.0,-1.5499999999999998,0.04400000000000048,0.2695919202206843,-1.9569997200000002,-0.5689993000000002
2025-05-02,293.0,12.0,-1.5190000000000001,0.030999999999999694,0.2697461322467273,-1.6490002,-0.6759996999999998
2025-05-09,308.0,15.0,-1.4260000000000002,0.09299999999999997,0.2709065665798669,-1.283,-0.665
2025-05-16,321.0,13.0,-1.6720000000000002,-0.246,0.271608298503731,-4.9089996,-1.2489996
2025-05-23,328.0,7.0,-1.283,0.38900000000000023,0.2536848982225919,-4.2459994000000005,-1.4559994000000003
2025-05-30,340.0,12.0,-1.294,-0.01100000000000012,0.2530314618573253,-1.5120001,-1.3020000000000003
2025-06-06,351.0,11.0,-1.3159999999999998,-0.021999999999999797,0.25277491009278136,-1.81000022,-1.1619997
2025-06-13,350.0,-1.0,-1.3729999999999998,-0.05699999999999994,0.2521870337666072,-1.0019999,-1.0999995
2025-06-20,352.0,2.0,-1.226,0.1469999999999998,0.2457904186193135,-1.7899999,-0.2839993999999999
2025-06-27,342.0,-10.0,-1.4220000000000006,-0.19600000000000062,0.24646540639960823,-1.896,-1.0830001999999999
2025-07-04,339.0,-3.0,-1.3600000000000003,0.06200000000000028,0.24741900799502306,-1.3899994,-0.6399994000000002
2025-07-11,335.0,-4.0,-1.5250000000000004,-0.16500000000000004,0.24526797214662874,-1.9200001,-0.6219998000000002
2025-07-18,325.0,-10.0,-1.3329999999999997,0.19200000000000061,0.24974750467613074,-2.0620002,-0.8999996000000001
2025-07-25,316.0,-9.0,-1.366,-0.03300000000000036,0.24978964943631504,-2.14200021,-0.5769997
2025-08-01,296.0,-20.0,-1.42,-0.053999999999999826,0.24962566227126515,-3.050000001,-1.0200004
2025-08-08,295.0,-1.0,-1.4029999999999996,0.017000000000000348,0.24382248347573648,-2.4810001799999997,-0.3310002999999999
2025-08-15,282.0,-13.0,-1.3270000000000004,0.07599999999999918,0.24466905868103142,-2.3609997099999998,-0.5279997999999999
2025-08-22,272.0,-10.0,-1.2850000000000001,0.04200000000000026,0.23064102574915119,-2.1140000199999998,-1.1639995999999997
2025-08-29,273.0,1.0,-1.221,0.06400000000000006,0.23141795795566028,-2.2040002,-1.4700003
2025-09-05,282.0,9.0,-1.1319999999999997,0.08900000000000041,0.23234675829878487,-2.0339995,-1.4509993
2025-09-12,294.0,12.0,-1.1790000000000003,-0.0470000000000006,0.23208758750924618,-5.654999800000001,-1.1849995000000002
2025-09-19,299.0,5.0,-0.274,0.9050000000000002,0.21383927792061277,-4.9420003999999995,-1.5419998
2025-09-26,292.0,-7.0,-0.2669999999999999,0.007000000000000117,0.2114296301509015,-4.8970004,-1.1770001
2025-10-03,295.0,3.0,-0.30900000000000016,-0.04200000000000026,0.21179242983008909,-10.0,-1.7379999000000002
2025-10-10,304.0,9.0,-0.39200000000000035,-0.08300000000000018,0.20657610826459818,-6.3999997,-1.4499998
2025-10-17,320.0,16.0,-0.4660000000000002,-0.07399999999999984,0.20714744596015652,-2.51699968,-0.9399995999999999
2025-10-24,336.0,16.0,0.42100000000000026,0.8870000000000005,0.2593325761594003,-3.198999698,-0.36899950000000015
2025-10-31,341.0,5.0,0.31099999999999994,-0.11000000000000032,0.261177087939137,-2.92200041,-0.5870007999999998
2025-11-07,353.0,12.0,0.6100000000000003,0.2990000000000004,0.2643359517778442,-5.0640002,-0.7840003999999996
2025-11-14,352.0,-1.0,0.7809999999999997,0.17099999999999937,0.25890673108727535,-4.2419997,-0.5120000999999998
2025-11-21,360.0,8.0,0.9910000000000005,0.21000000000000085,0.25990119475385765,-4.98200003,-0.5319995999999998
2025-11-28,371.0,11.0,0.891,-0.10000000000000053,0.2619271198099844,-4.3420001,-0.6120004999999997
2025-12-05,354.0,-17.0,1.2489999999999997,0.35799999999999965,0.26679232312448725,-5.83500048,-0.4350005000000001
2025-12-12,338.0,-16.0,0.7340000000000004,-0.5149999999999992,0.282503268214235,-5.8170004,-0.21700000000000053
2025-12-19,323.0,-15.0,0.8090000000000002,0.07499999999999973,0.2764190887830977,-4.6149999,-0.4749995
2025-12-26,343.0,20.0,0.5869999999999997,-0.22200000000000042,0.2811874022292138,-6.7139999,-0.26400000000000023
2026-01-02,343.0,0.0,0.5659999999999998,-0.020999999999999908,0.28117707432583594,,
2026-01-09,354.0,11.0,0.4950000000000001,-0.07099999999999973,0.2813941809232578,-2.8269997,-0.48699950000000003
2026-01-16,343.0,-11.0,0.3810000000000002,-0.11399999999999988,0.28271573188889076,-3.59299991,-0.16100020000000015
2026-01-23,313.0,-30.0,0.1080000000000001,-0.27300000000000013,0.2853963970485187,-10.0,7.7819970000000005
2026-01-30,229.0,-84.0,0.14200000000000035,0.03400000000000025,0.2854049673749543,-8.432000200000001,-0.032000499999999654
2026-02-06,176.0,-53.0,0.19200000000000017,0.04999999999999982,0.28250293661376724,-5.8669997,0.08300019999999986
2026-02-13,168.0,-8.0,0.1389999999999998,-0.05300000000000038,0.28201356452254656,-4.7219993,-0.6619997
2026-02-20,179.0,11.0,-1.803,-1.9419999999999997,0.4602305781425992,-8.2329999,-0.47999959999999975
2026-02-27,169.0,-10.0,-1.8249999999999997,-0.021999999999999797,0.4601731121039648,-5.7349996999999995,-0.38499930000000004
2026-03-06,177.0,8.0,-2.091,-0.26600000000000046,0.46242150747420097,-5.6020003,-0.7620000999999998
2026-03-13,192.0,15.0,-2.049,0.04200000000000026,0.4622122913757816,-10.0,-0.7709999999999999
2026-03-20,197.0,5.0,-2.2939999999999996,-0.24499999999999966,0.4637652113563152,-6.8299991,-0.7230006000000002
2026-03-27,210.0,13.0,-2.1540000000000004,0.13999999999999924,0.46452388305773296,-5.8800002,-0.8599996000000001
2026-04-03,226.0,16.0,-2.0630000000000006,0.09099999999999975,0.46454185686718164,-8.8599997,-0.9399995999999999
