instrument,agent,trades,total_ret%,max_dd%,sharpe,ci_lo,ci_hi
prompt,agent_zero,253,-3.324207046399419,-16.675737287336958,-0.033869136382194825,-0.6177137233901615,0.49062852818664854
prompt,agent_one,48,3.6721526548464833,-4.593256135589119,0.15951977253422994,-0.6327995288274388,0.5208767098456794
prompt,agent_two,22,-7.0982913416076325,-7.597581250818298,-0.5650567636337468,-0.8456558775402397,-0.18041792473525897
prompt,agent_dsi,16,-4.96264854459435,-5.473416228688011,-0.4295558786278699,-0.7200339003702132,0.09985588567544815
seasonal,agent_zero,243,26.307488320293217,-10.305947574098306,0.5062906726276788,-0.04093545015350865,0.967925113334545
seasonal,agent_one,46,-1.0908699447028436,-3.4201782330357533,-0.07374777356444498,-0.830537594722827,0.40295654156380556
seasonal,agent_two,22,-5.718636339622196,-5.718636339622196,-0.8597680657277347,-1.1008979217296657,-0.6388692719907503
seasonal,agent_dsi,12,-2.7647495834665414,-2.7647495834665414,-0.599341389812016,-0.8597871361385279,-0.37840400782795386
mar_apr,agent_zero,175,5.7302965244413695,-15.555183047874866,0.13870584660171076,-0.3617235808080193,0.7348713542948732
mar_apr,agent_one,34,3.756506413614935,-2.8051223997158092,0.2222365106196944,-0.3374107002761582,0.7429799792814981
mar_apr,agent_two,22,-6.013501393918097,-6.299026318103362,-0.5488312066175617,-1.0826318807998054,0.019527300309500634
mar_apr,agent_dsi,10,-3.791172555369693,-4.083448771310172,-0.5753508926566254,-0.9319874664997758,-0.08728253495479715
