ticker,market,status,exchange,expiry,mult,magnif,price,notional,contracts
CL,Crude Oil (WTI),ok,NYMEX,2026-08-20,1000.0,1.0,83.17,83170.0,0.3757364434291211
NG,Natural Gas,ok,NYMEX,2026-08-27,10000.0,1.0,2.794,27940.0,1.1184681460272012
HO,Heating Oil,ok,NYMEX,2026-08-31,42000.0,1.0,4.2998,180591.6,0.17304237849379484
RB,Gasoline RBOB,ok,NYMEX,2026-08-31,42000.0,1.0,3.1357,131699.4,0.2372827818501831
GC,Gold,ok,COMEX,2026-08-27,100.0,1.0,4425.5,442550.0,0.07061349000112982
SI,Silver,ok,COMEX,2026-08-27,1000.0,1.0,64.77,64769.99999999999,0.4824764551489888
HG,Copper,ok,COMEX,2026-08-27,25000.0,1.0,6.631,165775.0,0.18850852058513046
PL,Platinum,ok,NYMEX,2026-08-27,50.0,1.0,1745.8,87290.0,0.3580020620918776
PA,Palladium,ok,NYMEX,2026-08-27,100.0,1.0,1366.0,136600.0,0.2287701317715959
ZC,Corn,ok,CBOT,2026-09-14,5000.0,100.0,449.75,22487.5,1.3896609227348526
ZS,Soybeans,ok,CBOT,2026-09-14,5000.0,100.0,1159.5,57975.0,0.5390254420008624
ZM,Soybean Meal,ok,CBOT,2026-09-14,100.0,1.0,307.0,30700.0,1.017915309446254
ZL,Soybean Oil,ok,CBOT,2026-09-14,60000.0,100.0,68.74,41243.99999999999,0.7576859664436041
ZO,Oats,ok,CBOT,2026-09-14,5000.0,100.0,322.5,16125.0,1.937984496124031
KE,Wheat (Hard Red Wtr),ok,CBOT,2026-09-14,5000.0,100.0,722.75,36137.5,0.8647526807333102
MWE,Wheat (Minneapolis),NO CONTRACT,-,-,,,,,
CC,Cocoa,ok,NYBOT,2026-09-15,10.0,1.0,5636.0,56360.0,0.5544712562100781
KC,Coffee C,ok,NYBOT,2026-09-18,37500.0,100.0,339.65,127368.75,0.24535060601599687
SB,Sugar No.11,ok,NYBOT,2026-09-30,112000.0,100.0,16.62,18614.4,1.6788078047103316
CT,Cotton No.2,ok,NYBOT,2026-10-08,50000.0,100.0,83.15,41575.00000000001,0.7516536380036078
OJ,Orange Juice,ok,NYBOT,2026-09-10,15000.0,100.0,137.95,20692.499999999996,1.5102090129273895
LE,Live Cattle,ok,CME,2026-08-31,40000.0,100.0,231.0,92400.0,0.33820346320346323
GF,Feeder Cattle,ok,CME,2026-08-27,50000.0,100.0,346.4,173200.0,0.1804272517321016
